{"ppo_steps": [10000, 20000, 30000, 40000, 50000, 60000, 70000, 80000, 90000, 100000, 110000, 120000, 130000, 140000, 150000, 160000, 170000, 180000, 190000, 200000, 210000, 220000, 230000, 240000, 250000, 260000, 270000, 280000, 290000, 300000], "ppo_rewards": [-5.333752168092178, 32.751575354942716, -83.63381427215742, -5.7647650386397356, -16.363349604676415, -94.75111972566847, 90.81703357819515, 90.40550903882891, 62.51804855431219, -96.82553231943055, -99.900001488626, 73.32053132401643, -97.87523434070927, -98.54074005722723, -97.73104541734038, 87.04715056047061, 87.26728944686984, 87.35413551489407, 87.89271851860458, 88.638159675854, 90.71235047445762, 92.64017820130103, 92.55677280241414, 92.63870998030222, 23.656065901890543, 52.617940222774635, 93.03952665055985, 91.48697947665164, 90.0602833134537, 89.84204512709258], "sac_steps": [10000, 20000, 30000, 40000, 50000, 60000, 70000, 80000, 90000, 100000, 110000, 120000, 130000, 140000, 150000, 160000, 170000, 180000, 190000, 200000, 210000, 220000, 230000, 240000, 250000, 260000, 270000, 280000, 290000, 300000], "sac_rewards": [-0.24032493665872606, 79.97999822261008, 93.08901744165533, 94.25065863084474, 95.07330210808786, 95.84105891529103, 95.29662418272628, 95.64376503003332, 95.61177030912155, 95.85955212541016, 95.7685226335127, 95.78057582887485, 96.07290245732895, 96.42675788361892, 95.71712278298386, 96.16078690323059, 96.3590067626645, 96.13926764840234, 96.26989672646005, 96.06737750158584, 96.18951510743247, 96.14966480260314, 96.22563182515424, 96.33155109816934, 96.52297053628993, 96.45392021075659, 96.36160158988933, 96.36266947104562, 95.99176246793223, 96.22914366777317]}